,Law,Narrative,Poetry_Wisdom,Prophecy
Law,1.0000000000000002,0.4166788354067588,0.40112186482755174,0.45551937445018814
Narrative,0.4166788354067588,1.0000000000000002,0.4448255688395978,0.6851287546145676
Poetry_Wisdom,0.40112186482755174,0.4448255688395978,1.0000000000000013,0.5339633130889776
Prophecy,0.45551937445018814,0.6851287546145676,0.5339633130889776,1.0000000000000038
